{
  "version": "2020.2",
  "applications": [],
  "platforms": [
    {
      "name": "design_1_wrapper"
    }
  ],
  "systems": [
    {
      "name": "hello_world_system",
      "platform": "C:/hdl_clients/youtube_live/wksp/design_1_wrapper/export/design_1_wrapper/design_1_wrapper.xpfm",
      "sysConfig": "design_1_wrapper",
      "buildConfig": "Debug",
      "applications": [
        {
          "name": "hello_world",
          "platform": "C:/hdl_clients/youtube_live/wksp/design_1_wrapper/export/design_1_wrapper/design_1_wrapper.xpfm",
          "platformPath": "C:\\hdl_clients\\youtube_live\\wksp\\design_1_wrapper\\export\\design_1_wrapper",
          "sysConfig": "design_1_wrapper",
          "domain": "standalone_microblaze_0",
          "system": "hello_world_system"
        }
      ],
      "platformPath": "C:\\hdl_clients\\youtube_live\\wksp\\design_1_wrapper\\export\\design_1_wrapper"
    }
  ],
  "others": []
}