{
  "config": {
    "items": [
      {
        "infra": {
          "name": "arty-s7-50", 
          "display": "Arty S7-50", 
          "revision": "1.0", 
          "description": "Arty S7-50", 
          "company": "digilentinc.com", 
          "company_display": "Digilent Inc", 
          "author": "ArtVVB", 
          "contributors": [
            {
              "group": "Digilent Inc", 
              "url": "digilentinc.com"
            }
          ], 
          "category": "Single Part", 
          "website": "http://store.digilentinc.com/preview-arty-s7-spartan-7-fpga-for-makers-and-hobbyists/", 
          "search-keywords": [
            "arty-s7-50", 
            "digilentinc.com", 
            "board", 
            "Single Part"
          ]
        }
      }
    ]
  }, 
  "_major": 1, 
  "_minor": 0
}